CustomerID,Age,AnnualIncome,PurchaseFrequency,TotalSpend,RecencyDays,TenureMonths,Gender,Region,PreferredChannel,PreferredCategory,LoyaltyMember
CUST_0262,26,51000.0,8,330.6,40,22,Female,East,Mobile App,Apparel,1
CUST_0133,43,89600.0,21,6591.04,13,29,Female,East,Online,Apparel,0
CUST_0576,42,80500.0,4,4015.43,91,71,Male,East,Online,Groceries,0
CUST_0455,45,55200.0,16,1476.93,47,30,Male,South,Mobile App,Sports,1
CUST_0338,62,68500.0,14,1702.05,44,21,Female,South,Mobile App,Electronics,0
CUST_0581,47,44600.0,7,1299.56,103,36,Male,North,Online,Groceries,0
CUST_0317,30,51300.0,13,125.06,28,6,Female,East,In-Store,Electronics,1
CUST_0440,53,61500.0,11,1200.26,25,20,Male,East,Mobile App,Groceries,1
CUST_0054,47,112500.0,26,6278.76,14,50,Male,South,Online,Apparel,0
CUST_0398,42,73200.0,18,965.72,8,1,Female,North,In-Store,Electronics,1
CUST_0061,44,94800.0,32,4073.92,19,19,Female,Central,In-Store,Beauty,1
CUST_0586,49,121600.0,2,3813.93,132,51,Female,South,Mobile App,Sports,0
CUST_0497,43,64100.0,15,1269.26,10,23,Female,West,Mobile App,Beauty,1
CUST_0273,18,36700.0,14,409.87,52,23,Female,North,Online,Sports,0
CUST_0279,29,51900.0,3,359.03,95,10,Male,East,Mobile App,Home & Living,1
CUST_0278,21,50900.0,6,350.16,8,8,Female,North,Online,Beauty,0
CUST_0405,63,74700.0,17,1774.84,43,42,Female,Central,In-Store,Sports,1
CUST_0355,56,43000.0,13,1292.06,32,38,Male,South,Online,Beauty,1
CUST_0370,30,48500.0,10,942.69,41,40,Female,South,Mobile App,Home & Living,1
CUST_0307,31,26700.0,5,20.0,95,12,Female,South,Online,Groceries,0
CUST_0244,25,39500.0,7,887.88,57,18,Female,North,Mobile App,Groceries,0
CUST_0539,51,45300.0,2,4527.61,267,62,Male,Central,Mobile App,Groceries,1
CUST_0389,50,55800.0,14,1152.2,15,41,Male,West,In-Store,Apparel,1
CUST_0545,69,104800.0,5,5133.49,268,34,Male,Central,Online,Apparel,1
CUST_0098,45,51000.0,36,3371.08,11,59,Female,South,Online,Electronics,1
CUST_0553,52,71900.0,3,1428.64,173,59,Female,East,Online,Groceries,0
CUST_0471,50,53800.0,16,1207.58,50,38,Male,West,In-Store,Sports,1
CUST_0423,41,78000.0,15,1860.95,38,45,Male,South,In-Store,Sports,0
CUST_0345,49,32000.0,22,394.08,47,51,Male,North,Online,Groceries,0
CUST_0552,53,91200.0,6,5381.98,180,78,Male,South,Online,Sports,0
CUST_0546,48,88100.0,4,1210.73,266,7,Male,South,Online,Beauty,1
CUST_0071,48,91700.0,27,3288.57,4,46,Female,Central,Online,Groceries,0
CUST_0540,42,56300.0,3,2538.74,168,63,Female,Central,Online,Groceries,1
CUST_0309,23,45100.0,6,297.61,13,16,Male,South,Online,Electronics,1
CUST_0188,31,47000.0,9,161.98,58,9,Female,North,Mobile App,Apparel,0
CUST_0599,20,43800.0,1,132.71,199,70,Female,East,Online,Apparel,1
CUST_0494,55,31600.0,12,1792.39,22,28,Female,Central,In-Store,Electronics,0
CUST_0292,26,55100.0,5,109.08,84,19,Female,North,Mobile App,Apparel,0
CUST_0431,36,81200.0,16,1262.6,18,62,Female,North,In-Store,Sports,0
CUST_0194,28,31200.0,6,246.06,52,10,Male,Central,Online,Groceries,1
CUST_0285,35,48100.0,11,261.72,18,11,Female,East,Online,Home & Living,1
CUST_0500,35,58000.0,19,1435.41,48,5,Female,East,Online,Groceries,0
CUST_0306,24,48600.0,2,319.47,63,14,Female,Central,Online,Groceries,1
CUST_0282,24,33700.0,1,707.46,95,3,Male,South,Online,Groceries,1
CUST_0541,42,82500.0,2,2373.8,247,39,Female,Central,Online,Groceries,1
CUST_0205,32,34700.0,4,169.39,95,15,Male,North,Online,Home & Living,0
CUST_0328,18,62300.0,1,196.79,83,8,Female,South,Online,Groceries,1
CUST_0014,34,65900.0,26,4111.17,12,26,Male,Central,Mobile App,Sports,0
CUST_0515,61,82600.0,6,2478.11,294,51,Male,North,Online,Electronics,1
CUST_0004,34,95200.0,23,2571.28,14,50,Female,South,Mobile App,Electronics,1
CUST_0100,24,55600.0,22,2393.8,28,30,Male,North,Online,Electronics,0
CUST_0501,53,71400.0,4,1160.04,80,60,Female,South,In-Store,Sports,0
CUST_0236,25,32700.0,4,563.04,36,1,Male,Central,Mobile App,Apparel,1
CUST_0542,48,88600.0,4,3780.13,177,64,Female,East,Online,Sports,1
CUST_0559,55,81400.0,6,2629.06,131,29,Male,East,In-Store,Apparel,0
CUST_0359,40,38800.0,16,844.08,42,34,Male,West,Mobile App,Sports,1
CUST_0223,18,42500.0,10,425.8,25,23,Female,West,Online,Apparel,0
CUST_0053,43,104900.0,30,2734.11,5,55,Female,Central,Online,Apparel,0
CUST_0210,24,28600.0,7,314.46,83,11,Female,South,In-Store,Apparel,1
CUST_0442,69,45200.0,7,1387.64,56,35,Male,West,Online,Groceries,1
CUST_0173,27,49800.0,8,83.01,44,17,Female,South,In-Store,Apparel,1
CUST_0260,28,44300.0,8,118.4,0,9,Male,South,Mobile App,Home & Living,0
CUST_0051,49,70100.0,21,3771.88,21,62,Female,West,In-Store,Beauty,0
CUST_0572,52,74900.0,5,5082.5,155,60,Male,South,Mobile App,Beauty,0
CUST_0203,27,34200.0,1,195.8,35,10,Female,East,In-Store,Sports,1
CUST_0323,30,32200.0,7,278.95,20,15,Female,Central,Online,Beauty,0
CUST_0418,36,49200.0,14,20.0,28,20,Male,South,Online,Electronics,0
CUST_0470,42,54100.0,19,421.45,48,46,Female,East,Online,Sports,1
CUST_0031,28,86200.0,26,4565.9,14,63,Male,North,Mobile App,Beauty,0
CUST_0354,39,48200.0,17,136.44,25,25,Female,Central,Online,Sports,0
CUST_0565,56,83200.0,4,1181.83,212,52,Female,North,In-Store,Apparel,0
CUST_0352,51,56300.0,26,943.39,27,35,Female,West,Mobile App,Beauty,1
CUST_0237,31,47400.0,2,483.84,70,14,Female,North,Mobile App,Beauty,0
CUST_0116,33,105200.0,19,1928.52,9,55,Male,South,Online,Apparel,0
CUST_0409,45,47800.0,11,1271.26,58,13,Female,South,Online,Home & Living,1
CUST_0052,31,112200.0,24,1940.58,5,46,Male,West,Mobile App,Electronics,0
CUST_0102,34,84400.0,31,4414.83,9,36,Male,West,Online,Electronics,0
CUST_0569,64,68000.0,3,2617.13,288,68,Male,Central,Online,Home & Living,0
CUST_0171,31,45000.0,4,311.39,29,14,Male,North,Mobile App,Beauty,1
CUST_0180,19,38000.0,2,221.17,66,13,Male,North,In-Store,Sports,1
CUST_0368,59,34700.0,18,295.18,32,48,Male,South,Online,Apparel,0
CUST_0432,58,61100.0,1,1017.69,33,49,Male,East,In-Store,Electronics,0
CUST_0147,53,99300.0,31,4795.53,23,61,Female,Central,Online,Apparel,1
CUST_0284,29,39500.0,8,140.68,55,2,Male,South,Mobile App,Groceries,1
CUST_0385,52,45100.0,18,1578.75,65,33,Female,South,Online,Groceries,0
CUST_0480,33,51400.0,9,1246.62,18,25,Female,South,Online,Sports,0
CUST_0142,37,126400.0,20,3041.45,7,25,Male,North,Online,Apparel,1
CUST_0434,39,71200.0,10,1295.43,25,27,Female,North,In-Store,Beauty,1
CUST_0483,43,76900.0,16,1915.43,20,6,Female,East,In-Store,Electronics,1
CUST_0141,52,58700.0,23,5692.2,8,45,Female,South,Online,Beauty,1
CUST_0056,48,124700.0,30,3597.5,17,49,Female,East,In-Store,Beauty,0
CUST_0110,40,93900.0,13,4774.97,17,36,Female,West,Online,Beauty,0
CUST_0337,66,72900.0,13,166.19,49,47,Male,South,In-Store,Beauty,1
CUST_0330,18,29700.0,2,149.41,28,5,Female,South,Mobile App,Beauty,0
CUST_0221,26,35900.0,14,561.73,40,6,Male,North,Mobile App,Groceries,0
CUST_0218,26,43400.0,5,479.09,0,22,Female,North,Online,Groceries,0
CUST_0566,51,55400.0,3,2338.82,204,25,Female,East,In-Store,Electronics,0
CUST_0436,59,44200.0,13,393.28,32,30,Female,Central,In-Store,Electronics,0
CUST_0347,41,49700.0,13,920.57,47,41,Other,East,In-Store,Apparel,1
CUST_0155,30,44700.0,5,94.38,64,5,Male,North,Online,Beauty,1
CUST_0415,48,57600.0,12,1687.46,26,7,Female,West,Mobile App,Electronics,1
CUST_0047,50,111600.0,28,4989.94,16,24,Female,East,Online,Home & Living,1
CUST_0395,38,65000.0,13,1424.69,37,40,Female,Central,Mobile App,Home & Living,1
CUST_0507,36,94900.0,5,1348.79,160,51,Female,North,Online,Beauty,1
CUST_0491,39,51700.0,14,1201.73,25,18,Female,West,In-Store,Home & Living,0
CUST_0579,45,93400.0,5,2231.6,226,41,Female,South,Online,Groceries,0
CUST_0249,28,38600.0,5,603.26,51,9,Female,South,Online,Groceries,1
CUST_0083,45,102100.0,29,4550.85,16,64,Male,East,In-Store,Groceries,1
CUST_0356,43,51800.0,7,1853.01,20,35,Male,South,Online,Home & Living,1
CUST_0024,44,92100.0,25,3066.73,18,9,Male,South,In-Store,Groceries,1
CUST_0305,22,55600.0,9,363.5,69,1,Female,South,Online,Sports,0
CUST_0272,19,44100.0,1,635.25,39,10,Female,South,In-Store,Groceries,1
CUST_0160,31,34900.0,7,503.28,70,16,Male,South,Mobile App,Beauty,1
CUST_0039,37,102700.0,37,2197.94,20,35,Female,North,Mobile App,Home & Living,1
CUST_0286,27,59500.0,3,484.43,17,9,Female,North,In-Store,Sports,0
CUST_0293,35,44300.0,1,497.85,114,1,Male,North,Online,Electronics,0
CUST_0380,33,43000.0,9,1321.76,22,41,Female,North,Online,Sports,1
CUST_0011,46,73900.0,27,5177.24,19,43,Male,South,In-Store,Electronics,0
CUST_0243,25,36100.0,7,486.67,97,16,Male,East,In-Store,Apparel,0
CUST_0474,50,52300.0,10,1377.48,34,11,Male,North,In-Store,Home & Living,0
CUST_0448,45,77800.0,20,576.44,32,1,Male,West,Online,Home & Living,1
CUST_0033,33,107600.0,20,4439.94,12,35,Female,South,Online,Sports,1
CUST_0023,31,84200.0,40,5074.96,14,78,Male,East,Online,Groceries,1
CUST_0509,49,107500.0,5,2225.99,169,57,Male,West,Online,Electronics,1
CUST_0428,64,76000.0,26,1575.54,25,13,Female,North,Online,Apparel,0
CUST_0026,40,70700.0,30,2742.92,12,37,Female,East,Online,Beauty,0
CUST_0420,31,41900.0,14,1468.3,40,19,Male,West,Mobile App,Home & Living,1
CUST_0167,26,35200.0,8,827.14,54,11,Male,Central,In-Store,Groceries,1
CUST_0531,72,52300.0,7,1504.04,206,20,Male,East,Online,Apparel,0
CUST_0250,22,44200.0,5,131.55,83,10,Female,East,In-Store,Groceries,1
CUST_0454,53,61500.0,15,1149.19,19,29,Male,North,Mobile App,Electronics,1
CUST_0143,42,114300.0,35,4115.89,0,48,Female,North,In-Store,Electronics,0
CUST_0271,27,28300.0,11,371.46,35,18,Male,Central,In-Store,Beauty,0
CUST_0090,48,66000.0,27,1087.09,9,6,Male,Central,In-Store,Electronics,1
CUST_0066,40,95900.0,31,6135.84,28,81,Female,North,Online,Home & Living,1
CUST_0446,47,89400.0,18,1460.09,37,26,Female,Central,Mobile App,Electronics,0
CUST_0450,54,58800.0,22,1597.32,36,12,Male,East,Online,Apparel,1
CUST_0156,27,39900.0,3,203.61,72,11,Female,North,Online,Home & Living,1
CUST_0383,37,67100.0,22,1202.81,64,29,Female,North,Online,Home & Living,1
CUST_0452,47,43800.0,13,826.05,54,19,Female,South,In-Store,Beauty,0
CUST_0230,21,40400.0,9,236.32,36,6,Female,Central,Mobile App,Electronics,1
CUST_0593,52,62200.0,4,2586.1,235,51,Female,North,Online,Apparel,1
CUST_0358,34,57300.0,16,1627.05,15,56,Male,South,In-Store,Groceries,1
CUST_0041,43,67400.0,30,5430.57,5,54,Female,Central,Online,Electronics,1
CUST_0417,41,49400.0,10,963.07,17,18,Female,West,Online,Home & Living,0
CUST_0193,23,49600.0,4,467.42,47,4,Male,West,In-Store,Apparel,1
CUST_0246,21,30500.0,2,533.54,65,15,Female,East,In-Store,Apparel,0
CUST_0259,24,36500.0,8,511.45,63,7,Female,North,Online,Electronics,0
CUST_0584,50,103800.0,3,3141.86,203,55,Male,Central,Online,Apparel,0
CUST_0430,44,81800.0,16,499.96,16,44,Male,North,In-Store,Electronics,1
CUST_0057,41,72100.0,26,2894.74,14,73,Female,South,In-Store,Groceries,1
CUST_0233,26,37100.0,4,433.35,0,4,Female,West,Mobile App,Sports,0
CUST_0072,24,75600.0,14,3086.35,13,34,Male,East,Online,Electronics,1
CUST_0387,24,63800.0,15,1107.43,44,22,Female,West,Online,Groceries,1
CUST_0240,29,38300.0,1,451.01,92,2,Female,West,Mobile App,Home & Living,1
CUST_0091,42,85800.0,25,4337.26,10,19,Female,North,Online,Electronics,1
CUST_0290,25,27400.0,6,354.42,62,6,Female,North,In-Store,Home & Living,1
CUST_0055,40,132600.0,30,5430.87,6,61,Male,West,In-Store,Home & Living,0
CUST_0329,33,37500.0,5,163.72,25,10,Male,Central,In-Store,Groceries,0
CUST_0281,27,40100.0,4,242.96,85,18,Female,East,Mobile App,Apparel,0
CUST_0201,24,34800.0,6,343.75,49,12,Female,South,Online,Groceries,1
CUST_0067,50,90100.0,12,7000.1,13,50,Male,Central,Online,Groceries,1
CUST_0472,32,62600.0,16,1304.82,50,44,Female,West,Mobile App,Sports,0
CUST_0189,32,45600.0,6,287.32,53,6,Male,North,Mobile App,Sports,0
CUST_0441,35,56800.0,14,1374.53,52,51,Female,Central,Mobile App,Electronics,0
CUST_0222,31,31400.0,8,655.63,48,8,Male,North,In-Store,Electronics,0
CUST_0121,43,94900.0,29,1863.48,7,48,Male,North,Mobile App,Apparel,0
CUST_0320,35,17400.0,8,221.88,38,10,Female,West,Online,Home & Living,1
CUST_0550,56,103000.0,3,2377.57,158,49,Male,West,Online,Electronics,1
CUST_0319,28,45400.0,4,591.5,91,1,Male,South,In-Store,Apparel,1
CUST_0456,49,44000.0,15,537.9,46,5,Male,South,Online,Electronics,1
CUST_0498,47,54200.0,14,1571.56,24,60,Female,South,In-Store,Sports,1
CUST_0519,33,71600.0,5,2091.56,135,52,Male,Central,In-Store,Apparel,1
CUST_0408,38,58200.0,9,1080.52,27,45,Female,South,In-Store,Sports,1
CUST_0119,51,69600.0,41,5714.51,6,13,Female,Central,Online,Beauty,1
CUST_0120,44,92200.0,23,4550.82,9,42,Male,Central,Online,Sports,0
CUST_0304,20,53900.0,5,191.6,37,9,Female,West,Online,Sports,1
CUST_0518,59,80600.0,8,2275.47,143,22,Female,Central,In-Store,Groceries,1
CUST_0301,27,48400.0,6,284.4,64,11,Female,North,In-Store,Beauty,1
CUST_0139,41,83900.0,16,4793.6,9,42,Female,East,Mobile App,Beauty,0
CUST_0146,31,97200.0,22,5806.42,28,43,Female,North,Online,Sports,0
CUST_0149,51,90900.0,22,4743.29,7,52,Male,North,Online,Home & Living,1
CUST_0561,34,113100.0,2,3857.76,171,90,Female,West,Mobile App,Groceries,0
CUST_0447,67,69800.0,15,809.77,31,23,Male,West,Mobile App,Beauty,0
CUST_0163,27,32900.0,4,77.46,32,5,Female,East,Mobile App,Beauty,0
CUST_0412,53,47900.0,18,2186.83,55,10,Female,North,In-Store,Electronics,0
CUST_0492,51,15000.0,14,1174.78,75,12,Male,West,Online,Sports,0
CUST_0468,51,79300.0,23,1584.39,28,47,Female,North,Mobile App,Home & Living,1
CUST_0151,32,30900.0,7,323.96,34,14,Female,Central,Online,Electronics,1
CUST_0504,37,51400.0,9,1538.05,187,82,Male,West,In-Store,Electronics,1
CUST_0361,32,46600.0,8,1296.2,50,52,Female,North,Online,Apparel,0
CUST_0528,50,74500.0,5,2708.87,223,69,Female,Central,In-Store,Groceries,1
CUST_0032,38,84800.0,26,4153.43,23,42,Male,East,Mobile App,Home & Living,0
CUST_0331,65,67000.0,11,1525.49,17,24,Female,North,Online,Home & Living,0
CUST_0274,21,38300.0,3,186.73,29,5,Female,Central,Online,Sports,1
CUST_0021,25,80000.0,22,2988.95,21,50,Female,West,Mobile App,Electronics,0
CUST_0114,41,99300.0,25,4845.96,15,38,Female,North,Online,Apparel,1
CUST_0589,56,85800.0,6,1393.18,125,92,Female,South,Mobile App,Apparel,0
CUST_0001,42,81100.0,40,3967.53,0,47,Male,East,In-Store,Home & Living,0
CUST_0396,40,51300.0,13,833.02,41,5,Male,West,Mobile App,Beauty,1
CUST_0314,18,56400.0,3,368.86,44,19,Female,South,In-Store,Groceries,1
CUST_0557,23,91200.0,5,1056.58,153,64,Male,North,Online,Electronics,1
CUST_0214,21,42000.0,2,672.0,48,9,Female,North,In-Store,Beauty,1
CUST_0486,52,54400.0,11,637.72,33,26,Male,Central,Mobile App,Electronics,1
CUST_0521,49,134100.0,2,1941.83,113,61,Female,Central,Online,Sports,0
CUST_0003,40,83800.0,28,4129.06,12,42,Male,Central,In-Store,Beauty,1
CUST_0573,66,74000.0,1,2032.54,233,55,Female,South,Online,Beauty,1
CUST_0059,55,111300.0,30,3609.51,13,56,Female,North,Online,Sports,0
CUST_0544,36,105100.0,4,1775.37,153,66,Male,West,Online,Sports,0
CUST_0372,58,50700.0,11,1252.42,23,15,Male,Central,Online,Home & Living,1
CUST_0005,38,87500.0,23,4046.9,0,39,Female,South,Online,Groceries,1
CUST_0257,31,40500.0,2,636.05,79,7,Male,West,Online,Home & Living,1
CUST_0324,32,44000.0,7,295.05,25,6,Male,East,In-Store,Sports,0
CUST_0075,53,93800.0,33,5109.16,0,59,Male,North,Mobile App,Home & Living,0
CUST_0192,30,38900.0,7,485.65,48,12,Male,South,Online,Groceries,1
CUST_0547,33,80700.0,5,2382.85,52,54,Female,East,Online,Home & Living,1
CUST_0598,59,62700.0,3,3948.18,217,70,Female,West,Online,Sports,0
CUST_0325,22,53900.0,8,390.92,49,10,Female,South,Mobile App,Groceries,1
CUST_0081,38,98900.0,27,3844.09,17,39,Female,West,Online,Home & Living,1
CUST_0341,35,79200.0,18,1010.8,17,30,Male,South,Online,Electronics,1
CUST_0027,19,121700.0,28,2381.79,19,61,Male,West,Mobile App,Beauty,0
CUST_0386,41,74300.0,8,1304.79,19,36,Male,North,In-Store,Beauty,1
CUST_0217,30,55000.0,6,305.27,63,9,Male,Central,Online,Apparel,1
CUST_0381,57,39200.0,12,1370.7,42,32,Male,South,Mobile App,Groceries,1
CUST_0479,48,75000.0,7,2274.1,58,35,Female,North,Mobile App,Apparel,0
CUST_0058,48,61200.0,28,1359.29,5,56,Female,West,Mobile App,Sports,0
CUST_0465,46,54000.0,18,1075.86,11,32,Male,North,Online,Home & Living,1
CUST_0109,40,96000.0,32,4625.06,17,67,Female,East,Online,Electronics,0
CUST_0410,34,51200.0,10,1497.61,30,25,Male,East,Online,Beauty,0
CUST_0148,41,90000.0,26,3735.9,18,27,Female,Central,Online,Apparel,0
CUST_0229,28,40800.0,7,225.58,30,21,Female,North,Online,Groceries,0
CUST_0015,42,90800.0,26,5858.53,18,44,Other,North,Mobile App,Electronics,1
CUST_0175,31,39900.0,10,434.23,48,7,Female,Central,Online,Groceries,1
CUST_0241,31,42300.0,2,425.86,64,19,Male,Central,Online,Home & Living,1
CUST_0115,42,74100.0,26,4510.07,17,46,Female,East,Mobile App,Sports,1
CUST_0166,30,45500.0,6,20.0,35,12,Female,Central,Online,Electronics,1
CUST_0520,46,62500.0,4,3705.03,268,109,Female,East,Mobile App,Electronics,1
CUST_0506,41,97400.0,6,4379.77,72,51,Male,South,Mobile App,Electronics,0
CUST_0060,36,74700.0,27,4153.65,9,56,Male,Central,Online,Groceries,1
CUST_0514,51,97800.0,6,364.61,201,42,Female,South,In-Store,Home & Living,1
CUST_0087,42,112800.0,37,2185.71,21,28,Male,North,Online,Beauty,1
CUST_0165,27,49900.0,6,231.88,86,21,Female,South,Mobile App,Sports,1
CUST_0099,27,81200.0,14,4337.53,18,46,Male,South,In-Store,Home & Living,1
CUST_0502,57,97100.0,5,2944.31,278,61,Female,East,Online,Electronics,0
CUST_0169,23,65100.0,10,164.26,45,12,Female,South,Online,Apparel,1
CUST_0295,25,48500.0,6,419.39,23,7,Male,Central,Online,Beauty,1
CUST_0042,43,114000.0,32,2758.03,15,80,Female,North,Mobile App,Sports,1
CUST_0365,50,55300.0,18,833.39,13,14,Female,West,Mobile App,Groceries,1
CUST_0466,53,71200.0,14,1294.14,24,27,Male,East,Mobile App,Electronics,1
CUST_0322,20,37400.0,8,548.6,18,3,Male,North,Online,Beauty,0
CUST_0174,26,44200.0,8,227.33,125,17,Male,Central,Online,Groceries,1
CUST_0245,26,23800.0,12,20.0,103,7,Female,East,Online,Electronics,1
CUST_0080,56,77300.0,28,2778.06,14,28,Male,South,In-Store,Sports,1
CUST_0481,59,72500.0,17,1421.73,0,2,Male,East,Online,Groceries,0
CUST_0029,42,100800.0,32,6991.8,11,76,Male,North,Mobile App,Home & Living,1
CUST_0510,59,79500.0,4,1661.04,236,49,Female,West,Online,Groceries,1
CUST_0508,43,105200.0,5,1398.45,220,4,Female,Central,Mobile App,Home & Living,0
CUST_0294,18,26800.0,1,261.3,75,9,Male,West,Online,Sports,0
CUST_0404,53,94200.0,9,1788.63,15,17,Female,Central,Online,Electronics,0
CUST_0302,38,53800.0,10,485.49,27,9,Female,South,Online,Electronics,0
CUST_0085,40,135500.0,37,2156.54,9,38,Female,Central,Mobile App,Beauty,1
CUST_0063,43,62100.0,33,2517.29,8,43,Female,South,Online,Groceries,1
CUST_0596,73,77800.0,5,2887.7,201,47,Female,East,Online,Beauty,1
CUST_0137,41,94900.0,28,3158.31,14,39,Female,Central,Online,Beauty,1
CUST_0112,47,111100.0,33,3810.81,17,98,Male,Central,Online,Beauty,1
CUST_0195,26,55400.0,11,186.72,53,16,Female,Central,In-Store,Sports,0
CUST_0371,38,60900.0,1,825.94,7,18,Female,South,In-Store,Sports,0
CUST_0044,43,92200.0,26,3667.81,0,17,Male,East,Online,Beauty,0
CUST_0459,60,75300.0,11,600.64,51,35,Male,East,In-Store,Sports,1
CUST_0130,49,93800.0,24,3643.73,5,53,Female,East,Mobile App,Apparel,1
CUST_0535,57,61100.0,4,1226.33,238,75,Female,West,Online,Groceries,0
CUST_0219,28,45500.0,1,836.99,75,8,Male,Central,Mobile App,Home & Living,1
CUST_0097,30,94600.0,30,3795.45,20,64,Male,South,Mobile App,Beauty,0
CUST_0125,32,85700.0,18,4765.81,14,64,Female,East,Online,Groceries,1
CUST_0563,46,64800.0,5,2989.31,202,96,Female,Central,In-Store,Beauty,0
CUST_0597,47,73600.0,5,706.6,157,48,Female,Central,In-Store,Apparel,1
CUST_0178,25,36500.0,11,364.36,55,10,Male,South,In-Store,Electronics,1
CUST_0340,47,31500.0,16,573.01,43,34,Female,West,Online,Home & Living,0
CUST_0575,38,90400.0,5,2219.01,174,77,Female,South,Online,Sports,0
CUST_0562,75,104900.0,1,3715.84,258,65,Female,North,Online,Groceries,0
CUST_0104,62,95900.0,36,3541.19,16,32,Male,East,In-Store,Groceries,1
CUST_0082,39,79300.0,19,3376.86,9,31,Female,North,In-Store,Apparel,1
CUST_0334,48,67000.0,20,1153.26,27,12,Male,East,Mobile App,Electronics,0
CUST_0344,75,45500.0,10,1323.96,31,41,Male,East,In-Store,Sports,0
CUST_0265,25,53700.0,5,152.58,81,10,Male,Central,Online,Apparel,1
CUST_0402,56,29500.0,7,901.26,20,27,Male,East,In-Store,Home & Living,1
CUST_0228,22,33500.0,5,190.16,77,14,Male,West,Mobile App,Groceries,1
CUST_0276,21,33100.0,10,577.54,112,4,Male,Central,In-Store,Groceries,1
CUST_0376,42,54900.0,17,866.13,49,57,Male,Central,Online,Groceries,1
CUST_0264,18,51200.0,1,348.89,5,13,Male,South,Mobile App,Sports,0
CUST_0533,51,89300.0,2,2731.18,125,20,Female,West,In-Store,Electronics,0
CUST_0254,36,42000.0,2,272.73,68,8,Other,East,Online,Apparel,1
CUST_0172,29,67100.0,4,368.4,35,3,Male,South,Online,Sports,0
CUST_0238,26,42500.0,2,284.02,91,13,Male,South,In-Store,Electronics,1
CUST_0382,61,38900.0,7,612.17,20,23,Female,Central,In-Store,Groceries,0
CUST_0140,33,87200.0,28,4365.36,11,50,Male,North,Online,Electronics,1
CUST_0268,22,40500.0,1,143.26,32,9,Female,East,Online,Home & Living,1
CUST_0591,18,96300.0,5,2231.08,206,75,Female,West,Online,Home & Living,0
CUST_0360,55,56000.0,13,2157.05,36,30,Female,North,Mobile App,Electronics,0
CUST_0213,18,45200.0,7,441.26,21,20,Female,East,Online,Apparel,1
CUST_0199,26,35200.0,7,827.95,69,3,Female,East,In-Store,Home & Living,0
CUST_0384,34,98500.0,20,675.8,26,29,Male,North,Online,Apparel,1
CUST_0016,48,82400.0,29,1913.33,0,66,Female,South,Online,Groceries,0
CUST_0164,23,35600.0,10,619.88,68,8,Male,North,Online,Electronics,1
CUST_0424,38,91500.0,16,1079.3,20,29,Female,Central,Online,Beauty,0
CUST_0391,69,49600.0,17,1417.68,45,21,Male,Central,Online,Groceries,0
CUST_0499,59,57300.0,17,1327.25,24,14,Male,South,Mobile App,Groceries,1
CUST_0038,50,108600.0,21,2682.06,18,18,Female,East,In-Store,Home & Living,1
CUST_0505,62,103700.0,2,2033.67,148,103,Female,West,Mobile App,Sports,0
CUST_0207,37,41600.0,7,273.11,106,13,Male,West,Online,Beauty,0
CUST_0296,30,54600.0,3,575.47,71,13,Male,North,Online,Sports,1
CUST_0427,35,53600.0,17,940.79,21,22,Male,South,In-Store,Sports,1
CUST_0074,41,105100.0,23,2635.04,5,35,Female,Central,Online,Groceries,1
CUST_0379,52,44600.0,21,886.69,28,21,Female,North,Online,Sports,0
CUST_0105,35,71500.0,30,5028.51,17,77,Male,West,Online,Apparel,1
CUST_0327,25,30700.0,5,20.0,0,15,Male,North,Online,Groceries,0
CUST_0017,30,59800.0,15,2567.95,11,53,Female,South,Online,Sports,0
CUST_0092,48,109900.0,25,4426.48,18,40,Female,South,Online,Groceries,1
CUST_0089,52,94700.0,32,3758.47,6,38,Female,North,In-Store,Groceries,1
CUST_0437,51,77700.0,10,599.98,20,52,Female,North,Online,Beauty,1
CUST_0206,29,21900.0,8,278.84,28,14,Female,Central,Online,Sports,1
CUST_0103,43,121700.0,25,3987.66,22,25,Female,East,Online,Beauty,1
CUST_0239,26,31800.0,5,333.56,70,7,Male,West,In-Store,Beauty,0
CUST_0549,41,93800.0,1,1216.43,287,53,Male,North,Online,Home & Living,0
CUST_0247,31,58200.0,4,418.13,63,9,Female,South,Online,Groceries,0
CUST_0158,34,20600.0,8,484.37,64,18,Male,North,Online,Sports,0
CUST_0134,28,91400.0,26,4044.97,0,46,Female,South,In-Store,Sports,0
CUST_0388,56,43500.0,13,497.14,17,19,Male,East,Online,Home & Living,0
CUST_0406,48,75200.0,16,983.51,30,13,Female,North,In-Store,Apparel,0
CUST_0019,25,94500.0,21,2505.76,17,79,Female,East,Online,Sports,0
CUST_0462,58,61900.0,14,915.34,16,61,Female,Central,Online,Electronics,0
CUST_0478,20,80000.0,14,431.37,47,9,Female,North,Online,Home & Living,0
CUST_0343,50,55800.0,11,2045.09,43,11,Male,East,Mobile App,Groceries,0
CUST_0275,18,24600.0,9,337.73,96,14,Female,West,In-Store,Home & Living,1
CUST_0451,64,64200.0,19,1266.53,32,21,Female,West,In-Store,Home & Living,0
CUST_0529,50,81300.0,4,2438.26,113,91,Male,Central,Online,Sports,1
CUST_0312,24,38400.0,7,284.36,74,5,Male,East,Mobile App,Beauty,1
CUST_0393,40,31400.0,18,734.44,53,1,Female,Central,Online,Groceries,0
CUST_0564,75,75400.0,4,2872.7,173,57,Female,Central,In-Store,Sports,0
CUST_0269,22,40300.0,5,153.81,41,12,Female,West,In-Store,Electronics,1
CUST_0035,52,92000.0,18,7062.33,4,30,Female,Central,Online,Beauty,1
CUST_0182,23,30000.0,2,20.0,66,7,Female,North,Online,Beauty,0
CUST_0185,26,40200.0,10,180.3,78,12,Female,West,Mobile App,Home & Living,0
CUST_0208,22,52600.0,1,483.87,85,12,Female,Central,Online,Electronics,0
CUST_0095,42,89200.0,34,3639.59,9,13,Male,Central,Online,Electronics,1
CUST_0512,50,45400.0,5,3137.74,180,67,Female,North,Online,Electronics,1
CUST_0407,67,38900.0,6,1824.7,18,26,Male,West,In-Store,Home & Living,1
CUST_0123,41,129400.0,25,3979.12,0,74,Female,Central,Online,Groceries,0
CUST_0460,34,59900.0,4,1197.04,42,36,Female,North,Online,Sports,0
CUST_0079,40,75000.0,19,3109.12,11,99,Female,Central,Online,Home & Living,1
CUST_0351,44,64100.0,12,1129.64,19,45,Female,West,Mobile App,Beauty,0
CUST_0062,38,111800.0,43,4059.31,7,45,Male,West,In-Store,Groceries,1
CUST_0252,28,33900.0,5,620.35,79,11,Female,East,Mobile App,Apparel,1
CUST_0126,45,110400.0,37,1961.74,21,26,Female,East,In-Store,Groceries,1
CUST_0429,54,46300.0,12,1276.01,31,39,Female,West,In-Store,Apparel,0
CUST_0426,67,49200.0,10,765.27,27,22,Female,South,Online,Groceries,0
CUST_0590,44,85200.0,7,3231.33,72,56,Female,West,Online,Apparel,1
CUST_0348,49,67400.0,21,1962.55,46,24,Female,North,In-Store,Electronics,1
CUST_0473,56,53200.0,19,2053.92,23,37,Female,South,Online,Groceries,0
CUST_0543,48,77600.0,1,2583.77,157,76,Female,West,Online,Home & Living,1
CUST_0378,48,73100.0,17,1605.15,39,43,Female,North,Online,Groceries,0
CUST_0068,52,95800.0,17,3994.52,14,24,Female,Central,Online,Electronics,1
CUST_0025,43,72800.0,23,4849.17,8,35,Female,Central,Mobile App,Electronics,1
CUST_0443,41,36000.0,13,548.54,57,27,Male,East,Mobile App,Beauty,1
CUST_0485,45,48000.0,10,1647.96,44,29,Female,West,In-Store,Beauty,0
CUST_0595,33,145500.0,7,76.46,142,62,Female,East,Mobile App,Home & Living,0
CUST_0127,23,102600.0,31,2255.34,28,65,Female,East,Online,Apparel,0
CUST_0534,48,141900.0,2,1643.81,85,87,Female,North,Online,Beauty,0
CUST_0335,55,82800.0,14,1663.62,33,29,Female,South,Online,Electronics,0
CUST_0578,43,95200.0,1,2592.8,201,64,Female,West,In-Store,Electronics,0
CUST_0179,32,49400.0,6,772.86,80,4,Female,Central,In-Store,Home & Living,0
CUST_0411,45,74500.0,8,1231.42,26,32,Male,South,Online,Apparel,0
CUST_0567,56,91900.0,7,2764.39,245,46,Male,North,Online,Home & Living,0
CUST_0136,55,101700.0,18,2308.69,0,63,Female,East,In-Store,Sports,1
CUST_0224,29,32500.0,8,487.74,19,11,Male,North,In-Store,Apparel,0
CUST_0588,62,100900.0,2,3727.69,56,60,Male,South,Online,Home & Living,0
CUST_0554,43,44700.0,6,2442.81,174,63,Male,East,In-Store,Electronics,0
CUST_0488,61,62900.0,11,1741.95,37,39,Male,South,In-Store,Beauty,1
CUST_0094,51,96600.0,16,3563.52,4,44,Male,Central,Online,Sports,1
CUST_0467,55,69700.0,22,1227.81,52,44,Male,East,Online,Sports,1
CUST_0070,35,64700.0,34,4102.53,11,42,Female,South,Online,Beauty,1
CUST_0037,42,118500.0,38,1863.81,10,41,Female,West,In-Store,Electronics,1
CUST_0297,24,38400.0,6,470.22,101,4,Female,East,Online,Sports,0
CUST_0161,26,43300.0,6,287.1,40,6,Male,South,Online,Apparel,0
CUST_0363,55,88000.0,12,1597.42,30,29,Male,West,Online,Apparel,1
CUST_0012,45,101700.0,35,2577.78,15,59,Male,North,Online,Home & Living,1
CUST_0145,36,108400.0,40,5076.22,27,29,Female,North,Online,Electronics,1
CUST_0511,57,46100.0,7,1985.5,158,6,Male,South,Online,Groceries,0
CUST_0128,50,42700.0,20,3247.56,12,90,Female,North,Mobile App,Apparel,1
CUST_0530,59,72400.0,2,1296.37,141,87,Male,South,Online,Home & Living,0
CUST_0303,32,54100.0,4,425.48,49,12,Female,North,In-Store,Apparel,1
CUST_0010,36,81600.0,19,1617.18,9,47,Female,East,Online,Apparel,1
CUST_0516,33,69100.0,5,2549.73,202,36,Female,South,In-Store,Electronics,0
CUST_0177,22,39900.0,9,565.86,43,11,Female,South,In-Store,Apparel,1
CUST_0232,18,52500.0,7,376.96,73,12,Male,South,Online,Beauty,1
CUST_0211,35,34400.0,11,130.71,16,16,Female,Central,In-Store,Apparel,1
CUST_0129,26,100000.0,24,6108.89,0,63,Female,North,Online,Electronics,0
CUST_0144,35,113300.0,24,5296.86,12,66,Male,West,Mobile App,Electronics,1
CUST_0242,24,47000.0,1,40.21,97,12,Female,North,Mobile App,Sports,0
CUST_0008,54,78900.0,29,2840.6,5,41,Other,South,Online,Home & Living,1
CUST_0594,73,92300.0,3,3623.55,201,120,Other,West,Online,Electronics,0
CUST_0299,25,38600.0,12,743.84,37,4,Male,Central,Online,Home & Living,0
CUST_0311,30,51100.0,4,45.6,87,3,Female,East,Online,Groceries,1
CUST_0255,28,41200.0,7,371.24,0,12,Female,South,Mobile App,Home & Living,0
CUST_0582,55,77800.0,4,3310.64,242,85,Female,East,Online,Sports,1
CUST_0464,40,50000.0,17,461.54,31,39,Female,South,Mobile App,Groceries,1
CUST_0009,38,128100.0,25,4141.01,0,94,Male,North,Mobile App,Sports,0
CUST_0157,27,53400.0,7,180.2,38,11,Male,North,Mobile App,Sports,1
CUST_0028,37,84900.0,20,1446.83,28,60,Female,West,In-Store,Apparel,0
CUST_0267,28,55900.0,4,634.68,84,12,Female,Central,Online,Groceries,0
CUST_0315,23,48700.0,2,139.88,31,6,Male,North,Mobile App,Groceries,1
CUST_0065,37,100200.0,15,4141.99,30,21,Male,South,Online,Apparel,0
CUST_0587,75,98400.0,3,2479.61,145,32,Male,South,Mobile App,Electronics,0
CUST_0256,35,23200.0,7,267.78,57,5,Male,North,Online,Apparel,0
CUST_0493,60,61400.0,18,790.33,47,22,Female,Central,Mobile App,Beauty,0
CUST_0154,25,43700.0,8,431.58,33,21,Male,West,In-Store,Sports,1
CUST_0049,36,85900.0,36,5760.55,20,35,Female,South,In-Store,Groceries,1
CUST_0209,30,48500.0,4,278.18,46,11,Female,North,In-Store,Electronics,0
CUST_0522,44,85700.0,3,2347.22,125,72,Male,West,Mobile App,Groceries,1
CUST_0288,21,27000.0,11,324.62,40,6,Male,North,Online,Home & Living,0
CUST_0002,45,88500.0,32,5104.82,17,47,Female,Central,Mobile App,Apparel,1
CUST_0342,50,56100.0,15,702.27,23,1,Female,South,In-Store,Home & Living,0
CUST_0270,25,50300.0,8,616.56,127,12,Male,East,In-Store,Sports,1
CUST_0266,18,53400.0,7,267.78,53,23,Male,North,Mobile App,Groceries,1
CUST_0537,58,102100.0,6,3130.04,160,38,Male,East,Online,Apparel,1
CUST_0453,58,45200.0,15,1283.04,24,41,Male,Central,In-Store,Apparel,1
CUST_0568,58,105600.0,3,2018.78,210,96,Female,Central,Mobile App,Beauty,0
CUST_0369,50,70900.0,11,2014.22,18,2,Female,South,Mobile App,Beauty,0
CUST_0096,47,118100.0,26,2735.19,32,39,Male,North,Online,Apparel,0
CUST_0571,52,72700.0,7,4341.19,178,78,Female,East,In-Store,Home & Living,1
CUST_0353,46,49400.0,16,912.54,19,26,Female,Central,In-Store,Beauty,0
CUST_0043,31,114300.0,44,2114.35,7,44,Female,East,Online,Electronics,1
CUST_0362,47,62400.0,7,1015.47,51,45,Female,South,Online,Home & Living,1
CUST_0438,68,54400.0,13,1896.13,36,44,Male,West,Online,Beauty,1
CUST_0592,48,103100.0,2,2733.06,184,62,Male,East,In-Store,Sports,1
CUST_0117,44,81300.0,48,5006.83,0,72,Female,South,Mobile App,Sports,0
CUST_0425,34,65000.0,13,1521.93,3,43,Female,Central,In-Store,Sports,1
CUST_0046,28,110600.0,17,20.0,16,30,Other,East,In-Store,Electronics,0
CUST_0162,33,44200.0,14,613.7,58,17,Female,North,Online,Groceries,1
CUST_0556,74,99100.0,7,2597.25,161,44,Male,Central,Mobile App,Sports,1
CUST_0118,34,116900.0,27,5954.21,15,38,Male,Central,Online,Sports,1
CUST_0289,29,33400.0,11,226.29,128,8,Male,East,Online,Home & Living,1
CUST_0078,39,81800.0,22,3925.59,6,68,Other,Central,Online,Electronics,0
CUST_0527,75,99000.0,4,2489.59,202,34,Male,South,Online,Apparel,0
CUST_0390,43,56500.0,13,754.84,37,5,Male,South,Mobile App,Apparel,1
CUST_0560,37,101600.0,2,3034.76,163,52,Female,South,In-Store,Home & Living,0
CUST_0413,63,58000.0,13,1209.51,42,47,Female,South,Online,Electronics,1
CUST_0064,31,52800.0,28,4100.59,22,52,Female,East,Online,Groceries,0
CUST_0339,43,86900.0,13,1148.53,11,46,Female,West,In-Store,Sports,1
CUST_0316,18,44200.0,10,467.04,88,3,Female,South,Online,Sports,1
CUST_0300,19,44800.0,10,473.57,90,14,Male,Central,Online,Home & Living,1
CUST_0400,65,66300.0,15,1155.71,43,53,Male,East,Online,Beauty,1
CUST_0231,21,46400.0,7,323.67,32,14,Male,Central,In-Store,Apparel,0
CUST_0298,22,35200.0,6,353.81,45,9,Female,Central,Online,Home & Living,0
CUST_0187,24,45700.0,11,338.88,56,14,Male,South,In-Store,Home & Living,1
CUST_0469,58,34600.0,8,559.5,24,10,Female,East,Mobile App,Electronics,1
CUST_0200,23,43600.0,9,501.73,64,16,Male,South,Mobile App,Sports,0
CUST_0421,49,44200.0,12,1459.56,43,44,Male,South,In-Store,Groceries,1
CUST_0366,37,35600.0,20,1419.6,69,20,Male,North,In-Store,Apparel,1
CUST_0524,67,47400.0,4,2628.99,154,31,Female,Central,Online,Beauty,1
CUST_0397,52,62200.0,12,1622.91,44,69,Male,East,Online,Groceries,1
CUST_0122,37,68500.0,15,5613.82,9,50,Male,Central,Mobile App,Home & Living,1
CUST_0574,60,62300.0,3,2980.43,211,63,Female,Central,In-Store,Electronics,1
CUST_0248,24,20100.0,9,329.41,32,10,Female,West,Online,Sports,0
CUST_0308,22,40700.0,2,318.09,81,9,Male,North,Mobile App,Sports,0
CUST_0570,55,129300.0,6,1509.62,261,78,Female,West,Online,Electronics,0
CUST_0364,44,69400.0,7,1336.71,45,38,Male,South,In-Store,Apparel,0
CUST_0159,19,42000.0,4,657.15,110,7,Female,Central,Online,Sports,0
CUST_0086,32,67100.0,37,4300.68,4,47,Male,West,Online,Electronics,0
CUST_0226,31,43000.0,10,229.35,60,4,Male,West,In-Store,Groceries,1
CUST_0377,46,47900.0,15,1132.35,19,35,Male,North,Online,Home & Living,1
CUST_0263,25,37000.0,8,20.0,86,18,Male,West,Online,Apparel,0
CUST_0332,54,69100.0,11,1269.14,43,18,Male,Central,Online,Groceries,1
CUST_0234,28,33800.0,2,88.84,97,10,Female,North,Online,Groceries,0
CUST_0077,39,75200.0,30,4575.01,17,47,Female,West,Online,Beauty,1
CUST_0476,60,62700.0,10,1462.71,25,57,Male,Central,Online,Groceries,1
CUST_0526,61,98000.0,1,3699.1,38,70,Female,South,Online,Apparel,1
CUST_0150,42,96100.0,33,2696.11,24,27,Female,Central,Online,Sports,1
CUST_0088,38,93200.0,24,3275.28,12,29,Female,East,Online,Sports,1
CUST_0458,39,56100.0,3,1028.42,19,8,Other,South,Mobile App,Sports,1
CUST_0422,48,47900.0,9,1540.28,38,19,Female,South,Online,Apparel,0
CUST_0600,52,109700.0,2,1295.46,121,79,Male,Central,Online,Sports,0
CUST_0183,20,41500.0,11,124.44,103,8,Female,East,Online,Groceries,0
CUST_0477,55,42500.0,10,719.47,24,34,Female,North,Online,Home & Living,0
CUST_0106,36,76200.0,18,1703.1,8,52,Male,West,Online,Beauty,1
CUST_0333,37,68400.0,9,1494.52,68,10,Female,Central,Online,Apparel,0
CUST_0439,42,48500.0,15,418.28,63,17,Female,East,Mobile App,Home & Living,0
CUST_0050,60,125300.0,20,2583.11,10,8,Female,Central,Mobile App,Sports,1
CUST_0336,53,67300.0,19,1088.03,48,27,Female,East,Online,Electronics,1
CUST_0006,33,89000.0,41,4277.93,9,46,Male,Central,Online,Electronics,1
CUST_0018,38,109700.0,26,3085.09,16,50,Female,West,In-Store,Groceries,0
CUST_0235,31,25600.0,6,714.82,45,8,Female,South,Mobile App,Apparel,0
CUST_0487,54,48500.0,14,473.53,24,34,Male,North,Online,Beauty,1
CUST_0532,36,112500.0,3,1239.99,278,36,Female,North,Online,Beauty,1
CUST_0373,65,61400.0,13,398.17,46,27,Female,West,Online,Sports,1
CUST_0111,48,95800.0,39,3219.53,0,45,Female,Central,In-Store,Groceries,0
CUST_0107,44,117600.0,21,4890.68,27,71,Male,North,Mobile App,Beauty,0
CUST_0444,26,45900.0,18,955.31,23,48,Male,East,Mobile App,Groceries,1
CUST_0419,49,88300.0,17,1550.44,32,31,Female,West,In-Store,Sports,1
CUST_0489,38,62600.0,19,1763.69,21,1,Male,East,Online,Sports,1
CUST_0135,53,118800.0,20,3837.72,15,57,Female,East,In-Store,Sports,1
CUST_0013,43,123100.0,25,1490.46,7,62,Female,North,In-Store,Sports,0
CUST_0227,25,65400.0,2,425.13,78,12,Female,East,Online,Electronics,1
CUST_0215,29,52600.0,10,493.44,50,16,Female,Central,Mobile App,Sports,0
CUST_0191,28,40700.0,6,262.27,86,3,Male,West,In-Store,Electronics,1
CUST_0253,24,41400.0,3,313.62,70,9,Male,North,Online,Electronics,1
CUST_0321,32,35200.0,5,255.5,51,2,Male,North,In-Store,Beauty,0
CUST_0283,26,46000.0,14,351.33,34,8,Male,Central,In-Store,Home & Living,1
CUST_0030,43,94300.0,44,3719.61,12,17,Female,North,Online,Apparel,1
CUST_0170,18,27400.0,7,380.42,66,5,Female,West,Mobile App,Sports,1
CUST_0490,64,60500.0,14,1329.83,34,25,Male,South,Mobile App,Beauty,1
CUST_0181,32,37600.0,2,396.68,122,1,Female,East,Online,Apparel,0
CUST_0101,39,30000.0,29,4553.38,10,61,Female,West,Online,Apparel,1
CUST_0198,26,37100.0,3,535.09,32,8,Male,West,Online,Groceries,0
CUST_0496,41,77000.0,16,1327.66,28,8,Female,Central,Online,Groceries,0
CUST_0577,54,121500.0,7,3022.0,70,72,Female,Central,Online,Home & Living,0
CUST_0374,51,81000.0,19,490.89,36,34,Female,East,In-Store,Beauty,1
CUST_0461,60,55500.0,14,1115.71,61,30,Female,North,In-Store,Electronics,0
CUST_0414,41,31400.0,16,561.08,36,35,Female,Central,Mobile App,Beauty,0
CUST_0132,49,73500.0,24,6821.95,8,84,Male,East,In-Store,Groceries,0
CUST_0040,41,83700.0,40,5320.44,0,55,Female,North,Online,Groceries,1
CUST_0435,45,83300.0,21,917.97,42,36,Male,North,In-Store,Beauty,1
CUST_0216,30,66500.0,11,618.13,45,9,Male,South,Online,Home & Living,0
CUST_0475,44,71700.0,11,706.72,50,12,Female,North,Online,Groceries,1
CUST_0457,48,65800.0,10,1152.32,51,29,Male,East,Online,Electronics,1
CUST_0261,26,48400.0,4,473.76,80,6,Female,North,Online,Electronics,0
CUST_0036,35,95400.0,19,2641.61,11,6,Female,North,In-Store,Sports,1
CUST_0310,30,38200.0,11,268.88,72,17,Male,East,Online,Beauty,1
CUST_0277,34,41800.0,9,524.15,39,21,Other,South,In-Store,Beauty,1
CUST_0394,49,65700.0,15,1516.48,23,20,Female,West,Online,Apparel,1
CUST_0108,46,98200.0,34,4564.56,26,38,Other,South,Mobile App,Sports,1
CUST_0558,51,119800.0,3,2989.75,200,35,Female,Central,In-Store,Groceries,1
CUST_0525,20,61900.0,5,2294.96,297,59,Female,Central,Mobile App,Home & Living,0
CUST_0048,43,113400.0,40,2586.37,8,57,Male,West,Mobile App,Apparel,1
CUST_0204,30,19300.0,9,186.8,58,17,Male,Central,In-Store,Apparel,1
CUST_0022,40,104100.0,33,3117.73,15,38,Male,West,Mobile App,Groceries,0
CUST_0403,53,82200.0,19,1027.78,10,35,Female,South,Online,Sports,0
CUST_0084,41,101800.0,19,4193.35,5,25,Male,East,In-Store,Beauty,1
CUST_0131,34,96700.0,28,4606.49,2,51,Male,South,Online,Beauty,1
CUST_0416,44,61400.0,16,914.57,12,29,Female,Central,Online,Groceries,0
CUST_0287,27,41700.0,10,468.72,89,8,Female,East,Online,Sports,1
CUST_0124,24,124200.0,36,401.22,22,54,Female,South,In-Store,Groceries,1
CUST_0034,35,89000.0,31,4274.53,24,59,Female,Central,In-Store,Apparel,1
CUST_0517,31,80800.0,5,2399.28,192,79,Male,West,Mobile App,Home & Living,0
CUST_0020,30,96400.0,35,4769.14,26,34,Female,North,Online,Apparel,0
CUST_0548,63,73700.0,2,3516.63,124,64,Female,East,In-Store,Sports,1
CUST_0220,29,48200.0,9,129.76,17,2,Male,West,Online,Beauty,0
CUST_0482,73,49000.0,14,1353.6,13,1,Female,West,Online,Apparel,0
CUST_0357,43,60100.0,7,240.93,14,18,Female,South,In-Store,Apparel,1
CUST_0225,21,41400.0,3,580.33,30,16,Other,Central,Online,Home & Living,0
CUST_0093,39,93400.0,18,3962.96,0,51,Male,West,Online,Sports,0
CUST_0152,38,39300.0,7,177.63,34,10,Female,Central,Mobile App,Apparel,0
CUST_0583,62,58700.0,6,1643.21,148,7,Male,West,Online,Groceries,1
CUST_0318,23,52600.0,7,308.59,0,7,Female,North,Online,Sports,0
CUST_0449,48,52200.0,19,1551.16,44,43,Female,South,Online,Beauty,1
CUST_0523,45,64900.0,2,2499.86,174,56,Male,West,Online,Home & Living,1
CUST_0280,19,41200.0,8,329.17,93,16,Male,East,Online,Groceries,0
CUST_0350,39,81500.0,17,88.84,25,20,Male,Central,Mobile App,Sports,1
CUST_0375,60,49700.0,17,875.16,28,39,Male,West,Mobile App,Home & Living,1
CUST_0401,57,70400.0,12,761.31,29,44,Female,South,In-Store,Apparel,1
CUST_0258,23,33400.0,3,182.27,37,10,Female,North,In-Store,Home & Living,1
CUST_0073,38,62100.0,25,4112.02,16,50,Male,East,Online,Beauty,0
CUST_0196,23,42300.0,1,400.82,72,16,Female,North,Online,Electronics,1
CUST_0484,49,56700.0,5,1227.85,33,34,Male,South,Mobile App,Apparel,1
CUST_0138,40,125600.0,35,4838.04,11,54,Female,South,Online,Home & Living,1
CUST_0495,39,63700.0,20,1396.5,20,26,Female,North,Online,Beauty,1
CUST_0551,50,81500.0,6,2963.88,98,43,Female,North,Online,Groceries,0
CUST_0463,47,57400.0,6,1278.21,38,38,Female,East,In-Store,Electronics,0
CUST_0202,32,53400.0,8,319.03,43,17,Male,West,Mobile App,Beauty,0
CUST_0313,20,32700.0,3,342.66,91,19,Male,East,In-Store,Beauty,1
CUST_0291,30,30000.0,2,40.28,41,13,Male,South,Online,Groceries,1
CUST_0190,24,42600.0,5,257.44,0,2,Male,East,In-Store,Beauty,0
CUST_0113,33,106100.0,39,5155.59,10,63,Female,East,Online,Beauty,1
CUST_0184,32,33100.0,3,589.13,68,8,Female,East,Online,Beauty,1
CUST_0153,36,39700.0,4,368.22,69,1,Male,East,Online,Beauty,1
CUST_0326,21,37200.0,4,544.12,71,14,Female,Central,Online,Beauty,0
CUST_0045,54,105800.0,23,6286.69,20,33,Female,West,Online,Beauty,0
CUST_0445,47,81800.0,24,1163.38,65,24,Male,North,In-Store,Groceries,1
CUST_0007,43,67400.0,32,5637.69,7,26,Male,South,In-Store,Home & Living,1
CUST_0251,28,38300.0,11,380.08,21,17,Female,West,Online,Sports,1
CUST_0076,48,103100.0,46,4044.13,1,34,Male,South,Mobile App,Electronics,0
CUST_0513,61,113700.0,5,4578.67,157,75,Female,South,In-Store,Electronics,1
CUST_0392,49,89000.0,12,1046.3,16,53,Other,North,Mobile App,Apparel,0
CUST_0433,65,69700.0,15,731.6,37,34,Female,South,Online,Apparel,1
CUST_0069,30,77800.0,35,3050.54,24,14,Female,West,Online,Home & Living,1
CUST_0168,28,62400.0,9,634.04,94,23,Male,Central,Online,Home & Living,0
CUST_0555,50,55000.0,3,3290.45,151,36,Male,West,Mobile App,Home & Living,0
CUST_0367,61,38800.0,28,870.19,53,1,Male,East,Online,Groceries,0
CUST_0346,27,54300.0,13,1345.77,82,33,Male,South,Online,Sports,1
CUST_0585,75,79200.0,1,2655.56,205,120,Male,Central,Mobile App,Electronics,0
CUST_0536,52,76600.0,6,2785.73,271,78,Female,West,In-Store,Apparel,0
CUST_0399,43,62300.0,13,960.88,59,52,Female,South,In-Store,Beauty,1
CUST_0186,19,52400.0,8,445.52,17,3,Female,Central,Online,Sports,1
CUST_0349,35,37900.0,19,626.29,22,24,Male,West,In-Store,Sports,1
CUST_0212,35,59800.0,7,646.02,8,7,Male,South,Online,Sports,1
CUST_0580,39,74500.0,3,2651.35,228,53,Female,Central,Mobile App,Home & Living,0
CUST_0503,56,82300.0,8,2615.85,103,52,Female,West,In-Store,Beauty,0
CUST_0538,45,73900.0,4,387.03,47,31,Female,South,Online,Home & Living,0
CUST_0197,24,34500.0,7,332.0,22,19,Female,West,Mobile App,Electronics,0
CUST_0176,24,36600.0,7,390.09,44,6,Male,Central,Online,Beauty,0
